SEQLEN,Ema,Mamba
8192.000000,175.212951,647.518322
16384.000000,319.511412,995.544717
32768.000000,549.521180,1389.855363
65536.000000,739.287179,1642.776633
