SEQLEN,Ema,Mamba
8192.000000,172.880221,628.873325
16384.000000,313.775986,1001.221110
32768.000000,513.125459,1381.685080
65536.000000,722.086055,1629.835551
