SEQLEN,Ema,Mamba
8192.000000,167.181075,633.870607
16384.000000,310.129463,997.450984
32768.000000,532.846603,1368.662808
65536.000000,739.929382,1612.806995
