SEQLEN,Ema,Mamba
8192.000000,168.680233,636.918476
16384.000000,310.573297,996.946791
32768.000000,525.495873,1364.927466
65536.000000,738.703757,1607.208436
