SEQLEN,Ema,Mamba
8192.000000,174.622843,630.124932
16384.000000,315.406620,998.614472
32768.000000,509.201941,1378.981005
65536.000000,726.554582,1638.887992
