SEQLEN,Ema,Mamba
8192.000000,174.880539,647.251312
16384.000000,320.458704,997.535302
32768.000000,542.981147,1387.700868
65536.000000,745.162000,1641.459355
