SEQLEN,Ema,Mamba
8192.000000,531.910796,367.595720
16384.000000,404.604898,211.977091
32768.000000,261.319270,57.621485
65536.000000,80.152735,24.587493
