SEQLEN,Ema,Mamba
8192.000000,0.000320,0.000146
16384.000000,0.000300,0.000113
32768.000000,0.000255,0.000078
65536.000000,0.000176,0.000046
