SEQLEN,Ema,Mamba
65536.000000,409.865554,146.611228
