SEQLEN,Ema,Mamba
8192.000000,0.000856,0.000412
16384.000000,0.000817,0.000240
32768.000000,0.000711,0.000134
65536.000000,0.000547,0.000071
