SEQLEN,Ema,Mamba
8192.000000,0.000319,0.000146
16384.000000,0.000286,0.000112
32768.000000,0.000241,0.000078
65536.000000,0.000168,0.000046
