SEQLEN,Ema,Mamba
8192.000000,0.000319,0.000146
16384.000000,0.000299,0.000113
32768.000000,0.000251,0.000077
65536.000000,0.000177,0.000046
