SEQLEN,Ema,Mamba
65536.000000,93.877436,31.529164
