SEQLEN,Ema,Mamba
8192.000000,0.000854,0.000398
16384.000000,0.000816,0.000241
32768.000000,0.000711,0.000133
65536.000000,0.000545,0.000070
