SEQLEN,Ema,Mamba
8192.000000,0.000322,0.000148
16384.000000,0.000299,0.000113
32768.000000,0.000254,0.000078
65536.000000,0.000177,0.000046
