SEQLEN,Ema,Mamba
8192.000000,542.948304,247.723603
16384.000000,403.453928,135.575443
32768.000000,267.244393,58.762912
65536.000000,75.442596,24.351010
