SEQLEN,Ema,Mamba
8192.000000,0.000321,0.000145
16384.000000,0.000286,0.000113
32768.000000,0.000238,0.000078
65536.000000,0.000169,0.000046
