SEQLEN,Ema,Mamba
8192.000000,0.000848,0.000403
16384.000000,0.000731,0.000237
32768.000000,0.000617,0.000135
65536.000000,0.000470,0.000071
