SEQLEN,Ema,Mamba
8192.000000,0.000332,0.000142
16384.000000,0.000302,0.000113
32768.000000,0.000250,0.000078
65536.000000,0.000174,0.000046
