SEQLEN,Ema,Mamba
8192.000000,545.133445,247.404944
16384.000000,404.094822,134.958210
32768.000000,224.512250,58.244284
65536.000000,77.538867,25.484962
