SEQLEN,Ema,Mamba
8192.000000,0.000842,0.000405
16384.000000,0.000733,0.000237
32768.000000,0.000615,0.000135
65536.000000,0.000469,0.000071
