SEQLEN,Ema,Mamba
8192.000000,0.000947,0.000391
16384.000000,0.000845,0.000240
32768.000000,0.000671,0.000134
65536.000000,0.000520,0.000070
