SEQLEN,Ema,Mamba
8192.000000,0.000333,0.000141
16384.000000,0.000302,0.000113
32768.000000,0.000246,0.000077
65536.000000,0.000174,0.000046
