SEQLEN,Ema,Mamba
65536.000000,94.039126,31.426729
