SEQLEN,Ema,Mamba
65536.000000,378.711238,146.520736
