SEQLEN,Ema,Mamba
8192.000000,0.000320,0.000146
16384.000000,0.000287,0.000112
32768.000000,0.000240,0.000078
65536.000000,0.000169,0.000046
