SEQLEN,Ema,Mamba
8192.000000,0.000946,0.000393
16384.000000,0.000852,0.000240
32768.000000,0.000670,0.000134
65536.000000,0.000520,0.000070
