SEQLEN,Ema,Mamba
8192.000000,0.000316,0.000145
16384.000000,0.000288,0.000113
32768.000000,0.000240,0.000078
65536.000000,0.000167,0.000046
