SEQLEN,Ema,Mamba
8192.000000,0.000320,0.000147
16384.000000,0.000297,0.000113
32768.000000,0.000256,0.000078
65536.000000,0.000177,0.000046
