SEQLEN,Ema,Mamba
8192.000000,533.091867,368.705995
16384.000000,395.537696,212.193847
32768.000000,262.009388,57.756079
65536.000000,83.216651,26.051219
