SEQLEN,Ema,Mamba
8192.000000,548.839987,248.674609
16384.000000,416.496339,149.436548
32768.000000,267.435048,58.976903
65536.000000,74.847470,24.305556
