SEQLEN,Ema,Mamba
8192.000000,0.000853,0.000409
16384.000000,0.000821,0.000243
32768.000000,0.000711,0.000133
65536.000000,0.000545,0.000070
