SEQLEN,Ema,Mamba
8192.000000,544.524206,250.230522
16384.000000,412.884509,134.740052
32768.000000,266.248062,58.555209
65536.000000,75.610454,24.292600
