SEQLEN,Ema,Mamba
8192.000000,0.000842,0.000404
16384.000000,0.000736,0.000237
32768.000000,0.000618,0.000135
65536.000000,0.000471,0.000071
