SEQLEN,Ema,Mamba
8192.000000,0.000944,0.000389
16384.000000,0.000850,0.000241
32768.000000,0.000673,0.000134
65536.000000,0.000518,0.000071
