SEQLEN,Ema,Mamba
8192.000000,0.000859,0.000411
16384.000000,0.000821,0.000240
32768.000000,0.000712,0.000134
65536.000000,0.000547,0.000071
