SEQLEN,Ema,Mamba
8192.000000,0.000945,0.000388
16384.000000,0.000854,0.000240
32768.000000,0.000670,0.000134
65536.000000,0.000521,0.000071
