SEQLEN,Triton,Torch
128.000000,0.339986,0.096739
256.000000,0.954702,0.403874
512.000000,2.527368,1.466789
1024.000000,5.848519,3.432181
2048.000000,12.800199,4.211714
