SEQLEN,Triton,Torch
128.000000,1.092424,0.266129
256.000000,3.137413,0.804218
512.000000,8.111066,2.008172
1024.000000,18.419520,4.216646
2048.000000,39.485931,5.762664
