SEQLEN,Triton,Torch
128.000000,0.647891,0.144504
256.000000,1.852589,0.432946
512.000000,5.039814,1.061531
1024.000000,11.700916,2.148301
2048.000000,25.566391,2.917521
