SEQLEN,Triton,Torch,Ema_mamba,Mamba
1024.000000,539.324603,39.156419,209.394042,155.631125
2048.000000,751.481552,40.406020,271.407468,221.695110
4096.000000,911.828719,41.053065,316.844995,247.723620
8192.000000,963.289915,41.342920,343.088589,263.426190
16384.000000,581.851867,40.500559,336.306307,267.064359
