SEQLEN,Triton,Torch,Ema_mamba,Mamba
1024.000000,322.142064,19.753449,120.648974,120.105331
2048.000000,490.654038,20.330186,136.496056,136.252046
4096.000000,664.423122,20.674574,149.651228,149.733138
8192.000000,804.417196,20.890118,157.877845,157.858333
16384.000000,851.722921,20.956309,162.359862,162.366914
