SEQLEN,Triton,Torch,Ema_mamba,Mamba
1024.000000,177.125039,12.528388,98.202600,59.627151
2048.000000,291.982769,13.127880,183.273938,114.565881
4096.000000,432.786159,13.408465,235.581142,169.219696
8192.000000,559.111645,13.608669,303.717416,242.538303
16384.000000,641.482720,13.659113,353.046245,308.666321
