SEQLEN,Triton,Torch,Ema_mamba,Mamba
1024.000000,538.914468,39.117230,241.010867,228.071128
2048.000000,751.647864,40.387625,272.540594,254.766957
4096.000000,916.048196,41.053131,298.416271,279.204084
8192.000000,983.422469,41.332802,315.015098,293.924049
16384.000000,582.940212,40.463004,320.327858,301.111729
