SEQLEN,Triton,Torch,Ema_mamba,Mamba
1024.000000,177.060160,12.485978,81.259467,80.944451
2048.000000,295.177330,13.095764,115.423331,114.994501
4096.000000,430.613381,13.358301,129.679434,129.445674
8192.000000,557.067380,13.569438,141.323491,141.411896
16384.000000,636.971203,13.671579,148.508955,148.513893
