SEQLEN,Triton,Torch,Ema_mamba,Mamba
1024.000000,541.208495,38.899931,140.364881,139.867897
2048.000000,743.778538,40.343355,154.360220,154.444820
4096.000000,906.101087,41.048819,163.027650,163.038284
8192.000000,1006.699351,41.241657,167.845124,167.862843
16384.000000,542.307652,40.438661,166.646050,166.560159
