SEQLEN,Triton,Torch,Ema_mamba,Mamba
1024.000000,314.874070,19.594196,95.136567,51.153819
2048.000000,474.077522,20.247459,112.614520,57.048130
4096.000000,648.843873,20.604006,124.448136,60.375397
8192.000000,786.274754,20.768350,131.175033,62.014747
16384.000000,865.287369,20.798573,124.008633,60.391548
