SEQLEN,Triton,Torch,Ema_mamba,Mamba
1024.000000,339.630112,30.506867,250.598164,172.487920
2048.000000,281.932770,17.066302,306.244393,257.933599
4096.000000,252.081983,16.718334,340.958316,284.357024
8192.000000,271.106018,16.796811,366.974355,298.875841
16384.000000,267.885816,16.848688,377.218630,318.302106
