SEQLEN,Triton,Torch,Ema_mamba,Mamba
1024.000000,94.021708,6.264471,39.641374,25.114974
2048.000000,157.699508,6.508294,74.255053,34.819353
4096.000000,246.914217,6.667078,90.194539,49.473015
8192.000000,333.811304,6.749160,105.982246,54.889560
16384.000000,411.736264,6.786813,116.197536,57.992155
