SEQLEN,Triton,Torch,Ema_mamba,Mamba
1024.000000,93.249859,6.261751,49.433901,30.145492
2048.000000,157.787114,6.503932,92.811571,57.876224
4096.000000,243.354758,6.668537,162.720034,106.259150
8192.000000,330.439072,6.734204,202.705064,152.405660
16384.000000,410.107586,6.771524,253.203119,209.684203
