SEQLEN,Triton,Torch,Ema_mamba,Mamba
1024.000000,150.005235,7.982650,80.992801,45.903336
2048.000000,230.676250,7.826723,108.211706,75.569052
4096.000000,275.630085,8.286286,131.382585,104.123890
8192.000000,225.310147,4.586385,148.321671,134.363915
16384.000000,192.876257,4.363030,155.610675,141.990989
