SEQLEN,Triton,Torch,Ema_mamba,Mamba
1024.000000,315.311532,19.597901,134.242885,133.332731
2048.000000,475.643118,20.243458,189.488670,188.987891
4096.000000,650.150305,20.563872,214.241581,213.492108
8192.000000,783.099524,20.727503,229.930923,229.809485
16384.000000,860.754967,20.721082,236.774258,236.808544
