SEQLEN,Triton,Torch,Ema_mamba,Mamba
1024.000000,342.303986,30.491626,160.211151,122.186368
2048.000000,268.585833,17.397931,185.392863,164.398687
4096.000000,252.509427,16.659746,196.714004,176.419245
8192.000000,260.774377,16.711481,204.865706,180.497500
16384.000000,266.697289,16.775358,209.262357,188.350728
