SEQLEN,Triton,Torch,Ema_mamba,Mamba
1024.000000,314.774752,19.594708,61.867876,61.632601
2048.000000,474.616741,20.224090,67.596112,67.630808
4096.000000,638.180437,20.577636,71.134882,71.157327
8192.000000,781.309135,20.725403,73.168168,73.189850
16384.000000,859.156745,20.738003,73.722979,73.886705
