SEQLEN,Triton,Torch,Ema_mamba,Mamba
1024.000000,322.526378,66.057134,264.771750,238.845852
2048.000000,523.328556,72.979290,244.065048,165.535418
4096.000000,264.533405,30.207949,266.301035,299.647200
8192.000000,535.471933,75.484099,494.219878,471.348532
16384.000000,396.586601,41.466985,504.997862,481.935336
