SEQLEN,Triton,Torch,Ema_mamba,Mamba
1024.000000,330.404419,24.954806,194.270577,118.109738
2048.000000,491.463238,25.990020,256.530135,180.139388
4096.000000,654.897632,26.653467,336.181374,262.956244
8192.000000,793.054709,26.987431,399.000188,344.372779
16384.000000,858.909925,27.129786,435.616655,406.970728
