SEQLEN,Triton,Torch,Ema_mamba,Mamba
1024.000000,277.498430,15.852864,125.151411,83.055085
2048.000000,321.967722,16.164042,157.923557,120.881580
4096.000000,267.235916,8.948305,181.507663,161.447049
8192.000000,230.127635,8.641944,193.429484,173.459697
16384.000000,233.924909,8.650421,198.927817,177.249928
