SEQLEN,Triton,Torch,Ema_mamba,Mamba
1024.000000,312.573873,19.588104,178.076783,113.376488
2048.000000,473.402051,20.240273,229.070536,167.572388
4096.000000,636.413955,20.562088,296.783101,239.489328
8192.000000,777.394308,20.724634,341.542303,301.309239
16384.000000,861.117234,20.796349,311.377111,276.247426
