SEQLEN,Triton,Torch,Ema_mamba,Mamba
1024.000000,161.665555,18.451235,102.616681,98.975509
2048.000000,147.810655,19.563761,201.654890,93.603716
4096.000000,223.489753,7.619088,157.992916,235.371688
8192.000000,428.529220,20.426773,191.087422,190.927107
16384.000000,353.322160,20.584493,373.321398,370.050824
