SEQLEN,Triton,Torch,Ema_mamba,Mamba
1024.000000,94.548837,6.262106,36.109859,36.643154
2048.000000,156.174506,6.488564,52.358749,52.098187
4096.000000,243.664000,6.653601,57.601509,57.482190
8192.000000,332.627298,6.727837,62.172491,62.204412
16384.000000,408.756941,6.773312,65.162220,65.148870
