SEQLEN,Triton,Torch,Ema_mamba,Mamba
1024.000000,147.619000,9.875063,84.423872,49.791160
2048.000000,250.529116,10.217512,121.671811,81.076300
4096.000000,268.659186,10.384329,151.266335,116.350283
8192.000000,234.983937,5.039590,172.798021,154.121866
16384.000000,233.439556,4.927387,183.131043,165.060761
