SEQLEN,Triton,Torch,Ema_mamba,Mamba
1024.000000,329.317280,24.933239,162.179411,155.242299
2048.000000,496.043620,26.016239,230.836665,219.893760
4096.000000,668.712628,26.661481,259.293900,243.620620
8192.000000,764.366448,26.997468,282.786021,265.313281
16384.000000,859.342344,27.144507,296.833936,278.150372
