SEQLEN,Triton,Torch,Ema_mamba,Mamba
1024.000000,91.707443,4.285892,54.001936,48.815878
2048.000000,152.240911,9.783070,89.449187,102.580503
4096.000000,241.560552,10.078616,147.724874,146.658630
8192.000000,323.600866,10.223788,176.202075,175.051075
16384.000000,390.584457,10.312213,193.316250,195.928994
