SEQLEN,Triton,Torch,Ema_mamba,Mamba
1024.000000,48.369168,5.760242,26.093153,26.106048
2048.000000,85.267639,6.191038,61.591867,61.858246
4096.000000,136.674828,6.465907,94.857835,94.133453
8192.000000,168.147169,6.345916,131.201273,131.059863
16384.000000,137.968999,2.946208,33.216880,141.538004
