SEQLEN,Triton,Torch,Ema_mamba,Mamba
1024.000000,289.693421,32.106090,309.066034,258.949865
2048.000000,260.528345,31.349375,345.230252,287.892853
4096.000000,272.430729,31.568427,379.918840,304.551854
8192.000000,287.466674,31.716786,394.160428,328.799624
16384.000000,279.219476,31.797385,408.026101,341.260288
