SEQLEN,Triton,Torch,Ema_mamba,Mamba
1024.000000,78.467812,4.893779,41.977568,24.677896
2048.000000,131.981823,5.045760,77.515483,46.887997
4096.000000,202.603271,5.231957,102.964875,72.529044
8192.000000,222.927549,5.270888,122.862022,97.888951
16384.000000,195.363952,2.573044,137.637680,124.527851
