SEQLEN,Triton,Torch,Ema_mamba,Mamba
1024.000000,157.584866,22.803951,134.563755,107.476249
2048.000000,225.081119,24.643770,67.805973,73.253988
4096.000000,371.085888,25.657401,292.646490,287.567605
8192.000000,422.012863,17.282649,184.670089,278.386320
16384.000000,234.685638,7.628298,208.220426,294.009999
