SEQLEN,Triton,Torch,Ema_mamba,Mamba
1024.000000,178.538348,12.526630,84.930881,54.438773
2048.000000,292.458276,13.162626,103.735201,77.162972
4096.000000,424.536156,13.437838,133.476231,108.983895
8192.000000,560.785227,13.604303,155.242680,121.614450
16384.000000,638.589551,13.713229,167.694217,129.300742
