SEQLEN,Triton,Torch,Ema_mamba,Mamba
1024.000000,174.404027,9.856625,54.759594,54.650557
2048.000000,282.031119,10.174425,60.578216,60.611229
4096.000000,413.094954,10.326605,65.729407,65.812670
8192.000000,536.743986,10.411462,69.168754,69.194622
16384.000000,631.869858,10.461787,71.069891,71.079905
