SEQLEN,Triton,Torch,Ema_mamba,Mamba
1024.000000,270.465054,15.876569,111.546781,77.407467
2048.000000,311.091381,16.138390,135.788135,107.010904
4096.000000,229.685092,9.014337,153.797962,139.124157
8192.000000,227.932371,8.583847,162.466463,147.905441
16384.000000,232.501964,8.614619,165.134785,150.584560
