SEQLEN,Triton,Torch,Ema_mamba,Mamba
1024.000000,159.651866,18.237688,105.781241,106.784045
2048.000000,248.565583,19.347407,157.107225,157.399897
4096.000000,354.853038,19.908790,189.683877,189.674206
8192.000000,472.421857,20.221431,205.020685,206.931114
16384.000000,528.230970,20.370866,222.731258,224.750146
