SEQLEN,Triton,Torch,Ema_mamba,Mamba
1024.000000,799.467406,76.695899,280.114851,261.175946
2048.000000,982.883073,79.230073,308.083081,287.572433
4096.000000,1067.631905,80.272603,325.387038,302.938816
8192.000000,631.702483,76.994227,331.288439,310.711169
16384.000000,401.279864,41.484403,328.368857,313.029202
