SEQLEN,Triton,Torch,Ema_mamba,Mamba
1024.000000,273.348052,36.119360,212.411842,207.897925
2048.000000,395.534572,38.171444,298.491832,293.463881
4096.000000,506.883908,39.225747,357.809545,355.600434
8192.000000,575.142375,39.911508,391.442627,387.748056
16384.000000,470.963894,40.018086,420.033500,417.616283
