SEQLEN,Triton,Torch,Ema_mamba,Mamba
1024.000000,193.180080,36.009234,216.168880,95.479570
2048.000000,116.710426,16.298201,261.030484,288.885362
4096.000000,304.669023,13.706426,277.231687,352.532441
8192.000000,580.258989,39.889053,442.936460,416.227001
16384.000000,521.654993,40.059364,471.207286,448.386187
