SEQLEN,Triton,Torch,Ema_mamba,Mamba
1024.000000,327.415482,25.029247,169.537819,108.815309
2048.000000,493.298903,26.106931,206.951103,154.102227
4096.000000,668.555399,26.759173,266.283861,217.714328
8192.000000,766.903479,27.084336,309.293197,242.042303
16384.000000,857.925203,27.123591,332.419462,256.920678
