SEQLEN,Triton,Torch,Ema_mamba,Mamba
1024.000000,252.416997,19.122913,136.790314,89.912194
2048.000000,315.865139,19.987997,246.116421,169.087200
4096.000000,258.016199,9.750629,293.832389,247.594525
8192.000000,259.547065,9.659593,326.716125,273.896611
16384.000000,262.413031,9.698839,350.277455,284.845815
