SEQLEN,Triton,Torch,Ema_mamba,Mamba
1024.000000,87.534620,11.495366,26.371135,43.026380
2048.000000,153.240845,12.437580,125.186839,122.738754
4096.000000,243.538561,13.008506,187.738082,182.885277
8192.000000,264.256974,12.480516,252.844359,114.643187
16384.000000,141.543597,8.705118,230.356892,290.145597
