SEQLEN,Triton,Torch
128.000000,1.562943,0.459718
256.000000,4.026107,1.421448
512.000000,9.277811,3.653471
1024.000000,20.192882,8.056623
2048.000000,41.488876,11.163462
