SEQLEN,Triton,Torch
128.000000,1.083819,0.265819
256.000000,3.134296,0.803914
512.000000,8.111343,2.007837
1024.000000,18.370784,4.215033
2048.000000,39.324874,5.760865
