SEQLEN,Triton,Torch
128.000000,1.463774,0.460533
256.000000,4.045730,1.421693
512.000000,9.313064,3.659475
1024.000000,20.267218,8.062499
2048.000000,42.002034,11.161425
