SEQLEN,Triton,Torch
128.000000,0.757224,0.408364
256.000000,2.002739,1.606527
512.000000,4.731316,4.752405
1024.000000,10.218468,9.748492
2048.000000,21.328239,13.669443
