SEQLEN,Triton,Torch
128.000000,0.793411,0.425651
256.000000,2.005446,1.567016
512.000000,4.697873,4.825920
1024.000000,10.160479,9.734027
2048.000000,21.245922,13.664998
