SEQLEN,Triton,Torch
128.000000,0.330865,0.096447
256.000000,0.982523,0.403968
512.000000,2.532308,1.471912
1024.000000,5.858090,3.474421
2048.000000,12.910691,4.213921
