SEQLEN,Triton,Torch
128.000000,0.577490,0.198945
256.000000,1.636710,0.868688
512.000000,4.283874,2.684968
1024.000000,9.800544,5.731370
2048.000000,20.928688,7.640600
