SEQLEN,Triton,Torch
128.000000,0.595262,0.198313
256.000000,1.684995,0.839566
512.000000,4.248748,2.703801
1024.000000,9.644376,5.703415
2048.000000,20.871369,7.629629
