SEQLEN,Triton,Torch
128.000000,0.674685,0.144327
256.000000,1.864627,0.433143
512.000000,5.037902,1.062417
1024.000000,11.703661,2.146339
2048.000000,25.372367,2.918874
