SEQLEN,Ema,Mamba
65536.000000,4.687380,4.729904
