SEQLEN,Ema,Mamba
4096.000000,462.862377,462.440699
8192.000000,482.517933,496.266142
16384.000000,507.049554,503.699559
32768.000000,500.906782,498.494302
