SEQLEN,Ema,Mamba
4096.000000,485.492720,487.262537
8192.000000,510.836556,503.215530
16384.000000,522.572067,520.371965
32768.000000,512.159386,505.851270
