SEQLEN,Ema,Mamba
4096.000000,290.649461,297.177300
8192.000000,302.894476,306.393557
16384.000000,307.323507,310.126608
32768.000000,305.314211,310.854707
