SEQLEN,Ema,Mamba
4096.000000,55.225022,54.928026
8192.000000,29.605272,29.632650
16384.000000,14.612949,13.661117
32768.000000,7.431983,7.391201
