SEQLEN,Ema,Mamba
4096.000000,35.218354,35.550368
8192.000000,17.845639,18.204287
16384.000000,9.053528,9.269494
32768.000000,4.550636,4.577126
