SEQLEN,Ema,Mamba
4096.000000,28.758610,29.526307
8192.000000,15.236675,14.829731
16384.000000,7.512871,7.468521
32768.000000,3.827655,3.789165
