SEQLEN,Ema,Mamba
65536.000000,313.000201,308.156498
