SEQLEN,Ema,Mamba
65536.000000,5.297667,4.518830
