SEQLEN,Ema,Mamba
4096.000000,0.593790,0.577487
8192.000000,0.313737,0.284466
16384.000000,0.148870,0.139330
32768.000000,0.074305,0.068174
