SEQLEN,Ema,Mamba
4096.000000,10.058179,9.431697
8192.000000,10.266693,9.900710
16384.000000,10.137687,9.667182
32768.000000,10.075696,9.460593
