SEQLEN,Ema,Mamba
4096.000000,0.590178,0.587653
8192.000000,0.303988,0.290138
16384.000000,0.147724,0.142072
32768.000000,0.073885,0.069244
