SEQLEN,Ema,Mamba
4096.000000,1.253656,1.127741
8192.000000,0.621971,0.561057
16384.000000,0.303671,0.277942
32768.000000,0.147403,0.136272
