SEQLEN,Ema,Mamba
4096.000000,10.213902,9.754894
8192.000000,10.821268,9.731356
16384.000000,10.760961,9.622484
32768.000000,10.288566,9.404048
