SEQLEN,Ema,Mamba
65536.000000,0.075333,0.063358
