SEQLEN,Ema,Mamba
4096.000000,5.132527,4.692238
8192.000000,5.139876,4.937176
16384.000000,5.164807,4.817454
32768.000000,5.142792,4.717445
