SEQLEN,Triton_matmul,Triton Prefix,Torch,Ema_mamba,Mamba
8192.000000,234.811011,202.702764,64.906742,233.129858,228.394785
16384.000000,242.849596,202.945942,64.878656,235.120224,232.446581
32768.000000,242.997107,200.940953,64.373323,234.969065,233.007634
65536.000000,240.942862,193.563852,64.430010,232.830559,231.743262
131072.000000,237.285088,193.279593,62.481872,230.542100,229.350662
