SEQLEN,Triton_matmul,Triton Prefix,Ema_mamba,Mamba
8192.000000,251.781805,194.442383,356.924624,343.496788
16384.000000,267.016724,201.851329,359.690209,346.125216
32768.000000,258.765955,196.223594,353.706351,347.273690
65536.000000,253.176611,196.112686,340.527780,347.882904
131072.000000,253.229915,196.016547,340.472811,348.342668
