SEQLEN,Triton,Torch,Ema_mamba,Mamba
1024.000000,537.626845,38.926300,250.240367,177.721839
2048.000000,742.921444,40.316027,330.677392,260.637166
4096.000000,918.486735,41.042553,394.807818,341.247492
8192.000000,990.228213,41.261855,426.383602,400.086944
16384.000000,533.339145,40.400814,390.699076,375.872080
