SEQLEN,Triton,Torch,Ema_mamba,Mamba
1024.000000,541.337174,39.122404,261.177917,183.169651
2048.000000,749.582794,40.381624,347.611307,270.898020
4096.000000,910.706675,41.055622,416.455397,357.771113
8192.000000,970.375613,41.347437,456.398541,425.906900
16384.000000,586.231773,40.475617,455.599893,435.122346
