SEQLEN,Triton,Torch,Ema_mamba,Mamba
1024.000000,534.067370,39.184953,138.395974,112.609448
2048.000000,738.101797,40.382895,162.429970,126.191445
4096.000000,900.533956,41.179611,176.093829,134.406159
8192.000000,1006.612262,41.433955,182.887931,138.374706
16384.000000,517.317775,40.575922,170.436676,134.398714
