SEQLEN,Triton_matmul,Triton Prefix,Torch,Ema_mamba,Mamba
8192.000000,353.000283,287.879278,32.427522,370.734653,356.655683
16384.000000,364.963646,290.202428,32.570586,380.135012,368.522925
32768.000000,367.990268,292.135147,32.606327,382.435567,373.651331
65536.000000,367.697773,292.798620,32.559893,382.051600,374.558816
131072.000000,364.500216,290.650393,31.395431,377.475279,371.795908
