SEQLEN,Triton_matmul,Triton Prefix,Torch,Ema_mamba,Mamba
8192.000000,257.254901,202.026012,65.045486,364.446398,320.492627
16384.000000,257.580386,202.301957,65.112068,366.282404,325.748145
32768.000000,255.406645,200.408607,64.856982,364.594244,328.098735
65536.000000,248.480436,191.941006,64.606673,358.778380,327.809755
131072.000000,243.772719,193.004152,63.020114,346.231243,328.091546
