SEQLEN,Triton,Torch,Ema_mamba,Mamba
1024.000000,336.233096,24.944093,174.835676,172.254427
2048.000000,489.521367,25.983721,258.028121,256.618149
4096.000000,662.742529,26.654326,363.722418,362.189902
8192.000000,794.577320,26.988829,458.222498,457.123555
16384.000000,859.908642,27.127321,491.217876,490.276325
