SEQLEN,Triton_matmul,Triton Prefix,Torch,Ema_mamba,Mamba
8192.000000,378.484536,307.200001,147.875598,614.825897,579.576866
16384.000000,402.495537,301.057333,146.115843,610.235284,582.804522
32768.000000,392.668719,292.868328,145.850281,598.377057,578.705619
65536.000000,380.440339,293.137142,145.611623,579.830979,560.840799
131072.000000,380.692414,293.204770,142.687506,581.868762,560.713352
