SEQLEN,Triton_matmul,Triton Prefix,Torch,Ema_mamba,Mamba
8192.000000,384.951694,308.495040,98.042386,499.438176,478.514295
16384.000000,395.868321,307.919968,97.970900,500.463173,481.147979
32768.000000,393.201246,305.641942,97.584921,497.332573,482.190282
65536.000000,385.756428,293.639257,94.952763,488.699795,478.716892
131072.000000,374.035016,293.691347,93.594026,471.994903,463.575111
