SEQLEN,Triton,Torch,Ema_mamba,Mamba
1024.000000,94.076133,6.262397,44.552510,43.894728
2048.000000,158.856804,6.492297,81.663942,80.990340
4096.000000,245.210681,6.654853,115.876053,115.137034
8192.000000,332.036982,6.734705,154.556763,153.868765
16384.000000,410.352742,6.772315,170.987004,170.544299
