SEQLEN,Triton_matmul,Triton Prefix,Ema_mamba,Mamba
8192.000000,262.961124,205.494243,377.259283,334.118548
16384.000000,260.128747,203.610862,377.505525,335.478493
32768.000000,253.396508,194.891888,371.248655,336.552799
65536.000000,248.941645,195.790762,357.122197,336.464182
131072.000000,249.000700,195.764284,357.472074,336.226723
