SEQLEN,Triton_matmul,Triton Prefix,Torch,Ema_mamba,Mamba
8192.000000,328.895087,262.137305,17.092388,261.869473,225.591401
16384.000000,331.411836,268.108472,17.053738,265.805541,230.549159
32768.000000,335.504955,272.470000,17.102445,269.270698,234.326397
65536.000000,337.148247,275.001374,17.032956,270.155848,234.455559
131072.000000,335.995900,275.240878,16.409025,268.868712,233.301690
