SEQLEN,Triton_matmul,Triton Prefix,Torch,Ema_mamba,Mamba
8192.000000,353.736101,280.211782,32.239628,280.783959,241.287050
16384.000000,360.831853,288.358537,32.341275,285.816680,245.802324
32768.000000,364.373790,291.624452,32.509835,287.599277,247.609333
65536.000000,363.623134,292.412916,31.432762,286.564777,247.115273
131072.000000,359.298242,291.017933,30.917220,282.481061,245.069466
