SEQLEN,Triton_matmul,Triton Prefix,Torch,Ema_mamba,Mamba
8192.000000,380.406863,308.679668,147.896920,572.742059,545.570950
16384.000000,400.981071,305.921343,146.175593,571.790139,547.048240
32768.000000,393.324162,294.089466,145.926733,558.846450,541.330905
65536.000000,379.453688,293.684488,142.986660,542.030459,529.557094
131072.000000,379.361024,293.488580,141.658782,542.229002,529.405593
