SEQLEN,Triton_matmul,Triton Prefix,Torch,Ema_mamba,Mamba
8192.000000,381.833545,298.273166,197.661782,616.947676,585.491464
16384.000000,398.693044,295.121351,193.895879,602.502914,581.655830
32768.000000,382.806069,295.722000,194.392534,585.159188,564.950296
65536.000000,382.700113,295.804037,190.423982,586.676113,565.618196
131072.000000,404.044392,305.457568,195.736821,609.291821,576.251475
