SEQLEN,Triton_matmul,Triton Prefix,Torch,Ema_mamba,Mamba
8192.000000,268.175045,206.286964,98.280063,395.389993,373.524762
16384.000000,269.549841,207.346520,98.541879,398.997668,374.389047
32768.000000,269.867646,208.044598,98.651809,402.343878,377.149325
65536.000000,270.854707,208.229848,98.770233,402.879877,377.437668
131072.000000,270.945066,208.542886,97.259354,402.812730,377.573515
