SEQLEN,Triton_matmul,Triton Prefix,Torch,Ema_mamba,Mamba
8192.000000,253.803911,198.468634,98.018810,357.219828,348.079219
16384.000000,270.779909,203.706697,96.800879,355.647346,349.575591
32768.000000,265.191014,195.986812,96.702769,353.738695,351.583197
65536.000000,255.621302,195.727372,96.744978,349.707836,348.357995
131072.000000,256.018031,195.757828,94.653256,349.717857,348.066160
