SEQLEN,Triton,Torch,Ema_mamba,Mamba
1024.000000,806.475324,76.656063,275.117043,224.045429
2048.000000,987.691169,79.200486,322.026783,250.915034
4096.000000,1073.269979,80.351141,349.040885,266.898336
8192.000000,616.864977,77.116914,341.871327,270.655123
16384.000000,402.041703,41.520630,314.105041,269.571430
