SEQLEN,Triton_matmul,Triton Prefix,Torch,Ema_mamba,Mamba
8192.000000,248.144741,201.118000,64.921570,353.270357,335.872375
16384.000000,263.496443,202.991606,64.921180,356.788361,339.861848
32768.000000,261.672226,200.959868,64.630542,354.098265,343.166744
65536.000000,256.563334,193.462283,64.594577,347.760902,344.243894
131072.000000,250.962441,193.084092,62.923591,335.670602,344.821598
