SEQLEN,Triton,Torch,Ema_mamba,Mamba
1024.000000,330.053086,19.813749,105.207911,78.167170
2048.000000,486.907906,20.438177,136.500802,111.401050
4096.000000,660.326731,20.784312,159.759271,124.573128
8192.000000,808.763287,20.964116,173.098413,132.661728
16384.000000,855.546602,21.041233,179.629660,136.489586
