SEQLEN,Triton_matmul,Triton Prefix,Torch,Ema_mamba,Mamba
8192.000000,233.374497,196.911592,98.069457,256.927990,251.726203
16384.000000,241.061896,203.863432,96.831145,256.320555,254.212376
32768.000000,239.502769,195.981663,96.715125,256.750267,255.047769
65536.000000,234.581282,195.847776,96.788266,254.024343,253.117410
131072.000000,233.338117,195.749183,94.954913,252.704783,252.029369
