SEQLEN,Triton_matmul,Triton Prefix,Torch,Ema_mamba,Mamba
8192.000000,373.012817,301.467889,58.718402,479.798666,457.794569
16384.000000,385.702919,301.255582,58.576611,486.329046,466.971025
32768.000000,386.592388,301.802249,58.652625,486.814137,470.607470
65536.000000,384.584484,299.783540,58.647815,484.199013,469.514444
131072.000000,377.931049,288.389884,56.726085,476.825333,463.421561
