SEQLEN,Triton,Torch,Ema_mamba,Mamba
1024.000000,535.505027,38.956773,266.043686,264.969982
2048.000000,738.344232,40.323308,376.078682,374.325672
4096.000000,906.291990,41.038497,424.932902,423.629954
8192.000000,991.730446,41.312148,455.411527,455.131487
16384.000000,514.339936,40.436244,460.422650,460.118255
