SEQLEN,Triton_matmul,Triton Prefix,Ema_mamba,Mamba
8192.000000,446.244776,204.853323,397.726167,382.829264
16384.000000,439.153444,196.936013,391.952872,384.013174
32768.000000,427.335798,196.433599,377.481811,384.523410
65536.000000,427.057455,197.083539,378.310461,383.850449
