SEQLEN,Triton,Torch,Ema_mamba,Mamba
1024.000000,802.641420,76.710490,405.468111,404.017728
2048.000000,982.427179,79.200681,528.284575,527.237944
4096.000000,1069.628249,80.274745,574.307030,573.141208
8192.000000,605.914433,76.960611,598.590914,598.225525
16384.000000,401.662497,41.482112,528.513743,525.767880
