SEQLEN,Triton,Torch,Ema_mamba,Mamba
1024.000000,174.014499,9.879476,75.898175,35.565499
2048.000000,284.549157,10.194576,93.715211,50.691681
4096.000000,414.923166,10.354213,110.075830,56.386232
8192.000000,538.513180,10.436628,121.439578,59.669140
16384.000000,636.655652,10.482042,127.759703,61.251471
