SEQLEN,Triton_matmul,Triton Prefix,Torch,Ema_mamba,Mamba
8192.000000,264.013848,206.250095,98.416768,400.147331,349.078813
16384.000000,265.286624,207.438238,98.597336,403.621516,350.903282
32768.000000,266.290568,207.772199,98.655289,406.488869,352.287267
65536.000000,266.672090,208.315125,98.760932,406.877333,352.165351
131072.000000,266.720120,208.584340,97.238927,406.544472,352.061411
