SEQLEN,Triton_matmul,Triton Prefix,Ema_mamba,Mamba
8192.000000,251.595545,202.729050,406.184682,354.884657
16384.000000,260.392342,196.590959,395.521563,355.981543
32768.000000,252.035000,196.916608,386.020529,357.092931
65536.000000,252.604431,197.005817,386.432940,357.608077
131072.000000,261.962572,203.625339,387.195927,355.006295
