SEQLEN,Triton_matmul,Triton Prefix,Torch,Ema_mamba,Mamba
8192.000000,253.273374,200.697415,98.207270,322.340723,320.872295
16384.000000,268.991853,204.080698,97.131252,323.438383,321.785770
32768.000000,264.159964,196.220039,96.968395,317.877788,319.662193
65536.000000,254.862443,196.078025,94.995472,306.119901,305.838784
131072.000000,254.819129,196.043134,94.136043,305.770812,305.974644
