SEQLEN,Triton_matmul,Triton Prefix,Torch,Ema_mamba,Mamba
8192.000000,375.664558,303.148546,97.664906,562.608386,533.680777
16384.000000,397.710123,301.704662,97.711642,565.476210,539.516187
32768.000000,393.311870,300.277590,97.210383,561.748609,539.782765
65536.000000,389.084413,288.882485,97.330693,550.838406,535.233527
131072.000000,375.555505,289.069631,94.611775,534.034120,521.645002
