SEQLEN,Triton,Torch,Ema_mamba,Mamba
1024.000000,175.813817,9.859675,86.989557,86.066527
2048.000000,282.527723,10.175107,127.308148,126.611113
4096.000000,416.387344,10.334190,175.902906,175.311362
8192.000000,535.378128,10.416406,197.260308,196.603758
16384.000000,633.901707,10.453688,210.620317,210.451193
