SEQLEN,Triton_matmul,Triton Prefix,Torch,Ema_mamba,Mamba
8192.000000,234.855433,195.222534,98.176745,234.672029,232.162511
16384.000000,241.677688,204.087185,97.045122,234.522841,233.500199
32768.000000,240.280665,196.337555,96.953168,232.927531,232.472245
65536.000000,235.775138,196.044004,95.092059,231.688350,231.151239
131072.000000,234.445345,195.981318,94.241254,229.266099,228.755124
