SEQLEN,Triton,Torch,Ema_mamba,Mamba
1024.000000,326.527386,19.744374,187.790335,116.478237
2048.000000,491.520634,20.322937,244.360902,174.417036
4096.000000,666.405050,20.658353,320.648959,253.925375
8192.000000,795.698271,20.879154,378.435542,329.164132
16384.000000,856.405342,20.937664,409.558496,384.166601
