SEQLEN,Triton_matmul,Triton Prefix,Torch,Ema_mamba,Mamba
8192.000000,254.047441,202.684978,64.914442,320.253331,315.350110
16384.000000,268.446141,202.837286,64.882303,324.069341,320.143748
32768.000000,268.061585,201.056107,64.555822,321.926980,320.755029
65536.000000,262.968672,193.526436,64.577103,316.120971,318.551760
131072.000000,253.794867,193.407810,62.643897,303.506244,304.309131
