SEQLEN,Triton_matmul,Triton Prefix,Ema_mamba,Mamba
8192.000000,448.107989,205.074901,398.060327,384.045340
16384.000000,440.088305,196.984086,391.994447,384.430937
32768.000000,424.319691,196.409691,377.359499,384.329714
65536.000000,423.307389,197.160860,377.944182,385.951298
