SEQLEN,Triton,Torch,Ema_mamba,Mamba
1024.000000,177.106949,12.486775,88.211600,87.414916
2048.000000,293.127204,13.092654,161.772420,160.493415
4096.000000,429.043390,13.359926,230.024065,226.883469
8192.000000,558.691661,13.569687,306.728729,306.159164
16384.000000,635.798655,13.661613,339.387192,338.421620
