SEQLEN,Triton_matmul,Triton Prefix,Torch,Ema_mamba,Mamba
8192.000000,375.781812,300.318250,58.664461,395.037896,380.964192
16384.000000,383.565079,300.073266,58.721822,399.680367,389.359359
32768.000000,383.910503,302.166696,58.704289,397.277124,388.905699
65536.000000,380.265587,300.136309,56.872227,393.525898,387.321454
131072.000000,373.546451,289.323536,56.013376,384.989268,382.213117
