SEQLEN,Triton,Torch,Ema_mamba,Mamba
1024.000000,173.566333,9.854610,94.890393,59.089817
2048.000000,283.586536,10.174471,171.927936,110.674859
4096.000000,405.232348,10.331701,218.702818,161.959899
8192.000000,533.493760,10.414712,278.381728,228.127734
16384.000000,633.725925,10.461811,319.347999,284.186468
