SEQLEN,Triton,Torch,Ema_mamba,Mamba
1024.000000,327.629897,19.751046,172.332795,171.336103
2048.000000,488.369299,20.333433,252.912686,251.439326
4096.000000,665.222532,20.673144,349.128499,347.925842
8192.000000,795.696401,20.859774,391.107420,389.686054
16384.000000,854.755145,20.977107,416.940827,416.866638
