SEQLEN,Triton,Torch,Ema_mamba,Mamba
1024.000000,799.360753,76.706730,353.874393,274.552168
2048.000000,978.860876,79.204774,426.062656,364.521978
4096.000000,1077.768229,80.274587,467.593176,435.353606
8192.000000,595.980645,76.968871,468.061318,446.905735
16384.000000,401.617908,41.470969,409.304142,406.031297
