SEQLEN,Triton,Torch,Ema_mamba,Mamba
1024.000000,543.963670,39.124904,270.717909,268.872415
2048.000000,749.614152,40.378588,390.091039,388.474983
4096.000000,913.631437,41.055696,501.648392,500.975578
8192.000000,978.962334,41.349992,542.649233,541.504750
16384.000000,586.142362,40.472616,562.966800,562.745245
