SEQLEN,EmaTorch,EmaTriton,Mamba
8192.000000,231.224039,701.790070,701.643713
16384.000000,224.721312,693.872026,704.573255
32768.000000,216.598928,669.003437,704.658888
65536.000000,216.552095,653.431958,704.717089
