SEQLEN,EmaTorch,EmaTriton,Mamba
8192.000000,0.400043,1.206511,1.214989
16384.000000,0.212748,0.644950,0.652536
32768.000000,0.102163,0.316296,0.326529
65536.000000,0.050066,0.155014,0.163213
