SEQLEN,EmaTorch,EmaTriton,Mamba
8192.000000,215.962615,702.230476,703.176758
16384.000000,229.413973,695.088345,705.727435
32768.000000,216.094218,681.775904,705.971508
65536.000000,216.069707,653.191586,705.812409
