SEQLEN,EmaTorch,EmaTriton,Mamba
8192.000000,0.399458,1.204915,1.237566
16384.000000,0.212115,0.640460,0.649025
32768.000000,0.101987,0.314071,0.324585
65536.000000,0.049978,0.154180,0.162317
