SEQLEN,Ema,Mamba
8192.000000,100.342614,99.813333
16384.000000,51.014103,51.292412
32768.000000,17.607254,17.517604
65536.000000,9.033701,9.021238
