SEQLEN,Ema,Mamba
8192.000000,283.825995,288.632309
16384.000000,221.423953,221.461076
32768.000000,227.514960,227.236447
65536.000000,229.974128,230.708445
