SEQLEN,Ema,Mamba
8192.000000,223.199003,222.262568
16384.000000,228.664525,228.510887
32768.000000,230.671542,230.825108
65536.000000,231.902046,232.825938
