SEQLEN,Ema,Mamba
8192.000000,17.597455,17.570367
16384.000000,9.069438,9.055006
32768.000000,4.575137,4.577428
65536.000000,2.298001,2.303484
