SEQLEN,Ema,Mamba
8192.000000,45.880762,45.808552
16384.000000,17.585708,17.582105
32768.000000,9.034943,9.019570
65536.000000,4.566223,4.577282
