SEQLEN,Ema,Mamba
8192.000000,316.756698,314.751453
16384.000000,321.101009,322.908749
32768.000000,221.692631,220.769748
65536.000000,227.506095,227.278287
