SEQLEN,Triton,Torch,Mamba
128.000000,6.983210,2.632319,4.346987
256.000000,13.745598,3.493267,8.630642
512.000000,25.704275,4.234663,16.516598
1024.000000,47.510107,4.703900,32.477786
2048.000000,83.834256,4.990579,51.009677
