SEQLEN,Triton,Torch,Mamba
128.000000,9.313682,4.062223,8.645291
256.000000,26.584464,4.452651,6.866270
512.000000,22.165024,7.884907,27.908781
1024.000000,85.572440,6.427873,26.237470
2048.000000,42.595860,8.225932,86.488685
