SEQLEN,Triton,Torch,Mamba
128.000000,26.762888,10.462082,17.235536
256.000000,50.915883,13.683818,34.405755
512.000000,87.181310,16.531400,64.991992
1024.000000,153.008679,18.392124,129.435845
2048.000000,263.986171,19.558270,189.864938
