SEQLEN,Triton,Torch,Mamba
128.000000,6.953391,2.383696,1.439502
256.000000,13.691480,3.975370,8.707836
512.000000,26.445520,4.983310,17.166671
1024.000000,49.333430,5.764247,32.986985
2048.000000,39.066758,3.060186,53.225612
