SEQLEN,Triton,Torch,Mamba
128.000000,1.207366,1.175730,2.199606
256.000000,6.815745,1.994047,4.289161
512.000000,9.329906,2.316175,6.334421
1024.000000,16.038263,2.924410,9.798662
2048.000000,44.952040,3.181442,31.205842
