SEQLEN,Triton,Torch,Mamba
128.000000,13.262925,5.583286,8.821557
256.000000,11.199920,5.818450,13.582545
512.000000,49.052372,4.674836,17.858140
1024.000000,87.252376,11.476303,62.902093
2048.000000,146.507035,12.495052,122.472286
