SEQLEN,Ema,Mamba
4096.000000,2.449066,1.717745
8192.000000,1.284810,0.858379
16384.000000,0.643487,0.429390
32768.000000,0.313944,0.215221
