SEQLEN,Ema,Mamba
65536.000000,0.051811,0.153908
