SEQLEN,Ema,Mamba
4096.000000,1.197176,0.857820
8192.000000,0.639800,0.430011
16384.000000,0.317879,0.215410
32768.000000,0.149918,0.107718
