SEQLEN,Ema,Mamba
65536.000000,224.488142,678.529321
