SEQLEN,Ema,Mamba
4096.000000,11.363992,8.073601
8192.000000,11.310833,8.072071
16384.000000,11.211127,8.099916
32768.000000,10.907161,8.108312
