SEQLEN,Ema,Mamba
4096.000000,5.428031,5.297502
8192.000000,5.784926,5.316878
16384.000000,5.443462,5.327385
32768.000000,5.433802,5.331021
