SEQLEN,Ema,Mamba
4096.000000,10.906229,7.649467
8192.000000,11.460095,7.666426
16384.000000,10.915483,7.670848
32768.000000,10.684763,7.679294
