SEQLEN,Ema,Mamba
4096.000000,12.094741,8.111164
8192.000000,12.037429,8.135206
16384.000000,11.957624,8.167751
32768.000000,11.571348,8.176748
