SEQLEN,Ema,Mamba
65536.000000,0.162557,0.139814
