SEQLEN,Ema,Mamba
4096.000000,5.719069,5.726789
8192.000000,6.085579,5.856502
16384.000000,5.965825,5.885460
32768.000000,5.795693,5.895059
