SEQLEN,Ema,Mamba
4096.000000,5.810698,5.288346
8192.000000,6.137730,5.314011
16384.000000,5.894609,5.320939
32768.000000,5.759865,5.324638
