SEQLEN,Ema,Mamba
65536.000000,6.808699,5.908617
