SEQLEN,Ema,Mamba
4096.000000,0.000002,0.000002
8192.000000,0.000001,0.000001
16384.000000,0.000001,0.000000
32768.000000,0.000000,0.000000
