SEQLEN,Ema,Mamba
4096.000000,10.564757,7.635843
8192.000000,11.104669,7.652279
16384.000000,10.590237,7.659867
32768.000000,10.362312,7.669233
