SEQLEN,EmaTorch,EmaTriton,Mamba
65536.000000,0.051805,0.154204,0.162363
