SEQLEN,Ema,Mamba
4096.000000,1.220882,1.117900
8192.000000,0.611359,0.562954
16384.000000,0.308424,0.281943
32768.000000,0.152741,0.141130
