SEQLEN,EmaTorch,EmaTriton,Mamba
65536.000000,224.484500,678.276277,703.450651
