SEQLEN,Triton_matmul,Triton Prefix,Ema_mamba,Mamba
8192.000000,1684.369810,870.491530,1192.317498,617.802916
16384.000000,1706.199135,875.706651,1202.760275,624.084370
32768.000000,1708.930364,869.768422,1214.839135,627.140636
65536.000000,1695.205016,863.386543,1207.945576,627.891975
